utime,device_time,gyro_x,gyro_y,gyro_z,mag_x,mag_y,mag_z,accel_x,accel_y,accel_z
1350051493789986,1055427664,-0.0518485379870981,-0.007365321653196588,-0.016621894610580057,0.19798259437084198,-0.20341405272483826,0.19393299520015717,-1.3102697478141634,4.115840560938231,-8.886353858164512
1350051493799996,1055437664,-0.05663800402544439,-0.01493389718234539,-0.01245220482815057,0.19790731370449066,-0.20375534892082214,0.19418717920780182,-1.2633376633073203,4.113637187408749,-8.85747025697492
1350051493810006,1055447664,-0.05567133193835616,-0.015701513621024787,0.006751051842002198,0.19781199097633362,-0.20377300679683685,0.19273555278778076,-1.2803205358202103,4.150882648224942,-8.897299030548892
1350051493820016,1055457664,-0.05579337012022734,-0.02451165346428752,0.006181485514389351,0.1975131332874298,-0.20384278893470764,0.19272008538246155,-1.2831322916055796,4.2217746503162195,-8.906992960763164
1350051493830026,1055467664,-0.03049217921216041,-0.033016607630997896,0.01919552742037922,0.1981242597103119,-0.20407646894454956,0.19330130517482758,-1.3031961196335031,4.271009659736882,-8.882119727726094
1350051493840006,1055477664,-0.018650553829502314,-0.016968566342256963,-0.0040159553464036435,0.19800087809562683,-0.20421217381954193,0.19357971847057343,-1.3495162827870808,4.252392637550365,-8.896077927788719
1350051493850016,1055487664,-0.004562264803098515,-0.02158455754397437,0.0025257240849896334,0.19782096147537231,-0.20410776138305664,0.19277966022491455,-1.3771467010112246,4.184017276188824,-8.860829431209712
1350051493860002,1055497664,-0.003573871435946785,-0.02557014813646674,-0.006659985228907317,0.19803887605667114,-0.2040841430425644,0.1933409571647644,-1.3519292622129433,4.109186144550331,-8.849584691356867
1350051493870011,1055507664,-0.003140865737805143,-0.02544972230680287,-0.003129138349322602,0.19834022223949432,-0.20418375730514526,0.19308021664619446,-1.3325269029015907,4.0916075620334595,-8.806373910661787
1350051493880021,1055517664,-0.009182901703752577,-0.02111181674990803,-0.0006160310931591084,0.19813622534275055,-0.20462307333946228,0.1929788440465927,-1.2959425683086738,4.095541668345686,-8.792644952777772
1350051493890027,1055527664,-0.0159090239321813,-0.03439808206167072,-0.017756396846380085,0.19802604615688324,-0.20465953648090363,0.19556835293769836,-1.3025432132493004,4.1324135831417514,-8.79477571772877
1350051493900002,1055537664,-0.020252242393326014,-0.023315963335335255,-0.007518422353314236,0.19821123778820038,-0.20428207516670227,0.19268202781677246,-1.3155855862417956,4.11445049481932,-8.800820952709763
1350051493910012,1055547664,-0.03160266496706754,-0.026037267525680363,-0.004553276448859833,0.19819974899291992,-0.2040787935256958,0.19177037477493286,-1.3308002800383838,4.143391634882428,-8.82387029478792
1350051493920003,1055557664,-0.01564255653647706,-0.013517832849174738,0.008000079833436757,0.1980416625738144,-0.20455406606197357,0.1919635832309723,-1.3521929820498917,4.207358422554098,-8.79922904387582
1350051493930013,1055567664,0.01125371127272956,-0.0026998381144949235,0.013952059089206159,0.19829997420310974,-0.20485995709896088,0.1929534375667572,-1.37527714427968,4.22426845815964,-8.740113787888548
1350051493940019,1055577664,0.012843044532928616,0.014880830713082105,0.014013150939717889,0.19811022281646729,-0.20424973964691162,0.19264113903045654,-1.3879188001173315,4.206514975733589,-8.698196261874399
1350051493950018,1055587664,0.005183950634091161,0.035918509820476174,-0.008912142220651731,0.1982591599225998,-0.20487597584724426,0.19320590794086456,-1.4182474946818546,4.191867679161951,-8.705953963329083
1350051493959996,1055597664,0.014715341967530549,0.04740603035315871,-0.021833970095030963,0.19826185703277588,-0.20508819818496704,0.1927967220544815,-1.4204853458696742,4.172279802649282,-8.704640615708195
1350051493970003,1055607664,0.014397075574379414,0.04933568416163325,-0.027590969693847,0.19820332527160645,-0.20459207892417908,0.1923973113298416,-1.3527832121611572,4.119324859390035,-8.706003282363525
1350051493980002,1055617664,0.009628960106056184,0.05576809635385871,-0.03468162612989545,0.19795043766498566,-0.20461168885231018,0.1930277794599533,-1.2171211614576167,4.068806641758419,-8.746712492033838
1350051493990012,1055627664,-0.010115109762409702,0.030731642618775368,-0.05151125369593501,0.1977001279592514,-0.2047576606273651,0.19355759024620056,-1.0939002938498743,4.038580923511181,-8.784007728542202
1350051494000022,1055637664,-0.02525263698771596,-0.0016971394870779477,-0.040649742004461586,0.19782619178295135,-0.2045762836933136,0.19383831322193146,-1.0704008014179998,4.061798772290349,-8.842777751288375
1350051494010032,1055647664,-0.029786201776005328,-0.027317163767293096,-0.04137373180128634,0.19802282750606537,-0.20431622862815857,0.19217166304588318,-1.0967120496352436,4.125334931726101,-8.86628009783104
1350051494020042,1055657664,-0.03546787775121629,-0.044336600694805384,-0.018857659597415477,0.19798815250396729,-0.20418298244476318,0.1938904970884323,-1.14898680121114,4.163903786633163,-8.8641520728264
1350051494030052,1055667664,-0.020495821081567556,-0.04470298299565911,-0.009000537102110684,0.1980476975440979,-0.20463508367538452,0.1946026235818863,-1.247423255709582,4.179294521983247,-8.864110973631032
1350051494040036,1055677664,-0.00048626829993736465,-0.017046192078851163,-0.0016377987776650116,0.1980866640806198,-0.20489299297332764,0.19303885102272034,-1.3076212471659527,4.211608992670662,-8.80498567117378
1350051494049997,1055687664,0.010946836118819192,-0.0004488368176680524,-0.007946645928313956,0.19812247157096863,-0.20472413301467896,0.19263465702533722,-1.2908179553039372,4.142781996817793,-8.770350009263492
1350051494060007,1055697664,0.01783110201358795,0.008509924373356625,0.0037881021853536367,0.19819390773773193,-0.20434364676475525,0.19195932149887085,-1.2491928043990628,4.10856737333117,-8.764209789475425
1350051494070017,1055707664,0.020620826398953795,0.014777884643990546,0.009557629527989775,0.19841358065605164,-0.2043183147907257,0.19277651607990265,-1.1987611234065843,4.115014923769049,-8.779320593639277
1350051494080027,1055717664,0.01937181514222175,0.010341253801016137,0.005744492227677256,0.1982036978006363,-0.20424778759479523,0.1937597393989563,-1.1449437820311867,4.113432604747358,-8.762217848473227
1350051494090021,1055727664,-0.005112775397719815,-0.0037276149669196457,0.00043702857510652393,0.1980440467596054,-0.2044667899608612,0.1947084367275238,-1.1152320320549187,4.1225899621332065,-8.749809544733726
1350051494100031,1055737664,-0.007603437552461401,-0.008847731805872172,0.007020594057394192,0.19792260229587555,-0.20490148663520813,0.19414110481739044,-1.150277544274577,4.150275750106666,-8.770309823383577
1350051494110025,1055747664,-0.008863984839990735,-0.022702361457049847,0.02391425659880042,0.19801241159439087,-0.20497536659240723,0.19443213939666748,-1.1939562849747016,4.169580042171292,-8.80632641825825
1350051494120035,1055757664,-0.007889789412729442,-0.03590059059206396,0.021327257854864,0.19771118462085724,-0.2047465294599533,0.19521984457969666,-1.2312798342620954,4.127042831622529,-8.819437061580828
1350051494130045,1055767664,-0.004415297371451743,-0.03636122855823487,0.02864618436433375,0.19799555838108063,-0.20460541546344757,0.19337023794651031,-1.244136119231116,4.15733522189781,-8.77308356241323
1350051494140022,1055777664,-0.009958007285604253,-0.04844136710744351,0.02364483807468787,0.19811829924583435,-0.20468534529209137,0.19217097759246826,-1.2556485746760153,4.157118309477809,-8.770952797462233
1350051494150032,1055787664,-0.010569231380941346,-0.0470790546387434,0.0053723659220850095,0.19791798293590546,-0.20494912564754486,0.19328352808952332,-1.3067489167442545,4.140426099607721,-8.764529449883847
1350051494160016,1055797664,-0.007021801866358146,-0.04906231188215315,0.011944547441089526,0.19860070943832397,-0.20497441291809082,0.19252969324588776,-1.3697690529492683,4.1467256929422724,-8.757973671564832
1350051494170026,1055807664,-0.0047867066314211115,-0.0405087397666648,0.024209305411204696,0.19851909577846527,-0.20506423711776733,0.19281479716300964,-1.3832209337578387,4.194579312740825,-8.734980041729285
1350051494180017,1055817664,-0.0017764567019185051,-0.031929652323015034,0.024339959782082587,0.19817699491977692,-0.2054392397403717,0.19161106646060944,-1.388282642160775,4.1900182153703645,-8.724485133863054
1350051494190027,1055827664,-0.002582536581030581,-0.02084277366520837,0.02005413844017312,0.1983214020729065,-0.20558328926563263,0.1933424323797226,-1.4102982253109804,4.172745593530125,-8.748457837863825
1350051494200010,1055837664,-0.009018577839015052,-0.014087051386013627,0.03114575520157814,0.1984787881374359,-0.20506565272808075,0.19319692254066467,-1.3929331302811623,4.17927305907011,-8.730835416205228
1350051494210020,1055847664,-0.019605396664701402,-0.01869227271527052,0.015041390724945813,0.1983143538236618,-0.2054184526205063,0.1929367631673813,-1.3973635093774646,4.198367745238356,-8.737977543044835
1350051494220007,1055857664,-0.03893985704053193,-0.020572108041960746,0.009982722986023873,0.19823898375034332,-0.20563091337680817,0.19367530941963196,-1.403748726035701,4.231169926377479,-8.736220324113965
1350051494230017,1055867664,-0.023330497788265347,-0.027316040359437466,-0.02559451968409121,0.19836582243442535,-0.20549173653125763,0.19390827417373657,-1.382285470405477,4.2313594393339,-8.727888147239574
1350051494239991,1055877664,-0.03292487817816436,-0.04638541431631893,-0.026090117171406746,0.19886092841625214,-0.2054203301668167,0.19120334088802338,-1.3531862126046326,4.194297554923687,-8.727879014085046
1350051494250001,1055887664,-0.0418462761444971,-0.04408141248859465,-0.04047488037031144,0.19897854328155518,-0.20537644624710083,0.18972113728523254,-1.375867602719809,4.123911072935443,-8.687849311111494
1350051494260011,1055897664,-0.062010507099330425,-0.043247954454272985,-0.04449671250768006,0.19899967312812805,-0.20587103068828583,0.1909381002187729,-1.40451123027422,4.112498283039312,-8.713816696060821
1350051494270009,1055907664,-0.05719672190025449,-0.04049350682180375,-0.049511122051626444,0.19895361363887787,-0.2059212177991867,0.1902921497821808,-1.4113320984033635,4.129566778875887,-8.726331857708283
1350051494280006,1055917664,-0.05615695845335722,-0.023959457757882774,-0.03136597224511206,0.19908834993839264,-0.20594607293605804,0.19105863571166992,-1.4207798901031492,4.1100021919072605,-8.737856072089635
135005149429e4,1055927664,-0.05649948725476861,-0.01591924810782075,-0.033411968615837395,0.19930844008922577,-0.20600630342960358,0.19160982966423035,-1.3774461543152574,4.147147188023664,-8.768021968174725
1350051494300010,1055937664,-0.05059154937043786,-0.01332588290097192,-0.018945419287774712,0.19943022727966309,-0.2058292031288147,0.1912512183189392,-1.3476830303447787,4.124612499203067,-8.787358682937919
1350051494310020,1055947664,-0.03469846269581467,-0.023424111714120954,-0.017727083468344063,0.19951798021793365,-0.20594818890094757,0.19106826186180115,-1.330816719716531,4.138748339121229,-8.786626203944905
1350051494320030,1055957664,-0.04298880521673709,-0.023691565729677677,0.003232030212529935,0.19952502846717834,-0.20641398429870605,0.19032976031303406,-1.314111266772379,4.1291411738749595,-8.778552495343611
1350051494330029,1055967664,-0.033391002216376364,-0.01268009509658441,-0.012474640971049666,0.1990491896867752,-0.20637619495391846,0.1899828314781189,-1.293924026993918,4.139926516055129,-8.747743625179863
1350051494340020,1055977664,-0.04036433238070458,-0.009900426812237129,-0.013341504381969571,0.1991492062807083,-0.20674075186252594,0.19066408276557922,-1.2979371350927975,4.121142357140779,-8.744686758359894
1350051494350020,1055987664,-0.042622562614269555,-0.008494328358210623,-0.002587915150797926,0.19932498037815094,-0.20667746663093567,0.1914849430322647,-1.299773584139184,4.141237580387387,-8.769305176385679
1350051494360008,1055997664,-0.03738792147487402,-0.007594670751132071,0.007116093183867633,0.19947196543216705,-0.20694787800312042,0.19311563670635223,-1.340892301625572,4.176246331660077,-8.767152491863817
1350051494370018,1056007664,-0.022147786512505263,-0.0007582253147120355,-0.0031101295462576672,0.1992124319076538,-0.20718912780284882,0.19193027913570404,-1.32720250214159,4.207683562855236,-8.740189593071117
1350051494380028,1056017664,-0.028939961339347064,0.00488272744405549,0.004462400465854444,0.19928956031799316,-0.20693187415599823,0.19162310659885406,-1.336283826016006,4.239688876261934,-8.730126683413982
1350051494390006,1056027664,-0.03136218001600355,-0.0015049218745843973,0.004582502879202366,0.19938889145851135,-0.20691020786762238,0.19367191195487976,-1.3244824203947791,4.259226520424709,-8.743750610020943
1350051494400016,1056037664,-0.027242596843279898,0.002095648778777104,0.012547455844469368,0.19938725233078003,-0.2071697860956192,0.19244764745235443,-1.3286067246500168,4.311091878348961,-8.748884356180206
1350051494410014,1056047664,-0.013801228487864137,0.012296905333641917,0.015871993673499674,0.19925044476985931,-0.207490935921669,0.19006302952766418,-1.3524106936209135,4.307746860503684,-8.773750282693653
1350051494420011,1056057664,-0.015303980035241693,0.003619715425884351,0.009421214053872973,0.19932779669761658,-0.20727647840976715,0.18962284922599792,-1.3542361828818683,4.274761559616309,-8.780523430090398
1350051494430021,1056067664,-0.002352990304643754,0.0016562365999561734,0.013113791646901518,0.19919705390930176,-0.20694668591022491,0.19059722125530243,-1.3655517046822934,4.26789479738567,-8.768390034302138
1350051494439976,1056077664,-0.0049249349103774875,0.001147537386714248,0.010383321932749823,0.1992603987455368,-0.2076098769903183,0.1910705268383026,-1.3661254951154114,4.2537068984867075,-8.73011207036674
1350051494449986,1056087664,-0.009560676699038595,-0.006155607843538746,-0.0058597481256583706,0.1989908516407013,-0.20742502808570862,0.19104450941085815,-1.3546888448530807,4.246514082639478,-8.713180115190335
1350051494459996,1056097664,-0.01630645856494084,-0.010557194036664441,-0.007013994763838127,0.19895273447036743,-0.20746725797653198,0.19159197807312012,-1.3389121195598273,4.235690837868024,-8.690816673017107
1350051494470006,1056107664,-0.03589738626033068,-0.009940651943907142,-0.008543390867998824,0.19904828071594238,-0.20730635523796082,0.19361527264118195,-1.3256778361578472,4.245818592922296,-8.662285611592234
1350051494480016,1056117664,-0.036125569022260606,-0.00784013609518297,-0.009950625099008903,0.19903786480426788,-0.20757484436035156,0.19106972217559814,-1.3426939305203267,4.235862084515393,-8.680003018057905
1350051494490026,1056127664,-0.030046614119783044,0.006702956306980923,0.006701322854496539,0.19933049380779266,-0.20768345892429352,0.18947039544582367,-1.3528021634567995,4.247039239024743,-8.701441271677613
1350051494500036,1056137664,-0.032845427631400526,0.007118510256987065,0.023789267288520932,0.19959652423858643,-0.2077796757221222,0.19031640887260437,-1.3725498701736796,4.2807716319523745,-8.702682467377745
1350051494510046,1056147664,-0.026852465816773474,0.010812166874529794,0.0292747572530061,0.1995210200548172,-0.20790629088878632,0.19136376678943634,-1.3882098052534273,4.264110931465402,-8.67430027637165
1350051494520007,1056157664,-0.03134346043225378,0.020306880469433963,0.017669795488473028,0.19922760128974915,-0.2083144634962082,0.19088084995746613,-1.3787383815163048,4.260794226399157,-8.68245161678642
1350051494530017,1056167664,-0.028880732133984566,0.01868852268671617,0.009344667341792956,0.1991235911846161,-0.2082548290491104,0.18845832347869873,-1.3741207727522122,4.24530348300701,-8.701031193039379
1350051494540027,1056177664,-0.03416480903979391,-0.002566222428868059,0.0029213801099103875,0.19908961653709412,-0.2086368352174759,0.18832530081272125,-1.362103710519732,4.213608240196481,-8.703619529032148
1350051494550037,1056187664,-0.048197980504482985,-0.0015174298823694699,0.00461230956716463,0.19909852743148804,-0.2087138444185257,0.18933811783790588,-1.3851251964765834,4.2152640811121085,-8.735224810270592
1350051494560047,1056197664,-0.03751230542548001,-0.0030774055630899966,-0.005123859591549262,0.19949282705783844,-0.20866942405700684,0.19063028693199158,-1.3821722192893502,4.247778111225925,-8.709546033004298
1350051494570005,1056207664,-0.042081117862835526,-0.004569870361592621,-0.02303759683854878,0.19911013543605804,-0.20857317745685577,0.1915702521800995,-1.3646761776565108,4.197474979383405,-8.708578831939958
1350051494580015,1056217664,-0.05805380060337484,-0.003714475315064192,-0.026388681726530194,0.1988908052444458,-0.20868411660194397,0.1904868483543396,-1.3610237149969906,4.220769090002868,-8.716347493180074
1350051494590013,1056227664,-0.032482214737683535,-0.002032254451478366,-0.020298118761274964,0.19901321828365326,-0.20880739390850067,0.18906909227371216,-1.3231949880998581,4.247508226509671,-8.711925219758413
1350051494600023,1056237664,-0.042653706623241305,0.009035271068569273,-0.025580922374501824,0.19901102781295776,-0.20876659452915192,0.18890371918678284,-1.28024461647321,4.202550730011426,-8.717246195585467
1350051494610033,1056247664,-0.04025775124318898,0.006046685666660778,-0.002105864950863179,0.19915363192558289,-0.2091275155544281,0.1895439475774765,-1.2570448056742316,4.243882820820436,-8.742960592154413
1350051494620007,1056257664,-0.02560570719651878,0.014196620031725615,0.008939772669691592,0.1985912173986435,-0.20905548334121704,0.18924176692962646,-1.2597312089137267,4.268592570391483,-8.772910945792683
1350051494630017,1056267664,-0.026536578661762178,0.023448608408216387,0.035233257221989334,0.19855943322181702,-0.20917727053165436,0.19041846692562103,-1.276770478655817,4.324576067691669,-8.79178460962139
1350051494640014,1056277664,-0.010369971278123558,0.02564505848567933,0.04695489478763193,0.1988692283630371,-0.2093975841999054,0.1909095197916031,-1.317200784619781,4.35707457144279,-8.834589878255501
1350051494650024,1056287664,0.008370565774384886,0.025232144980691373,0.027932293596677482,0.1988801211118698,-0.20977358520030975,0.1910763829946518,-1.3258195142174372,4.367296397988684,-8.828842384112066
1350051494660019,1056297664,0.017112726345658302,0.016544088430237025,0.028491884586401284,0.19844309985637665,-0.20973581075668335,0.19013404846191406,-1.349729884438566,4.380578287958633,-8.830569463633001
1350051494670029,1056307664,0.03242354141548276,0.02298812905792147,0.014485565770883113,0.19810035824775696,-0.20981048047542572,0.18998919427394867,-1.357254690452828,4.343311364229303,-8.843472784347831
1350051494680017,1056317664,0.057084811851382256,0.023487629368901253,0.00432260858360678,0.19784685969352722,-0.20983067154884338,0.19053450226783752,-1.402133641822147,4.303621414604131,-8.815532638020812
1350051494690027,1056327664,0.0711255706846714,0.03399413253646344,0.005582089215749875,0.198051318526268,-0.20964869856834412,0.18970987200737,-1.392527161562466,4.2638013175269585,-8.779988227235153
1350051494700007,1056337664,0.08226765203289688,0.052724487613886595,-0.002026110450970009,0.19808457791805267,-0.20918141305446625,0.19006633758544922,-1.3694089783320669,4.211555107058957,-8.745104143521749
1350051494710017,1056347664,0.0842405017465353,0.04817206645384431,-0.007575274503324181,0.19809693098068237,-0.20921841263771057,0.19070087373256683,-1.3503169179457473,4.216038115958217,-8.74171939645428
1350051494719965,1056357664,0.08902982226572931,0.057287176605314016,0.010393453703727573,0.19800452888011932,-0.2093191295862198,0.18936613202095032,-1.3254780484025832,4.25603174297139,-8.750035133650526
1350051494729975,1056367664,0.1251600682735443,0.08972031064331532,0.013299172860570252,0.19808614253997803,-0.20868416130542755,0.1911497265100479,-1.3678162703471024,4.287633370948024,-8.818524659443646
1350051494739985,1056377664,0.1595469773747027,0.10441981721669436,0.0401688419515267,0.19783875346183777,-0.20878417789936066,0.192281574010849,-1.3260965912928804,4.2781042941729535,-8.864100927161052
1350051494749995,1056387664,0.19012332195416093,0.1325000310316682,0.043165675015188754,0.19735939800739288,-0.20857802033424377,0.19205717742443085,-1.3004631373059237,4.229577560885809,-8.880442880555055
1350051494760005,1056397664,0.22944086231291294,0.13454636791720986,0.031244594720192254,0.1970718502998352,-0.20777273178100586,0.19074460864067078,-1.2798452692915452,4.177951948267873,-8.912597977695986
1350051494770015,1056407664,0.23700471501797438,0.13575865887105465,0.03253768081776798,0.19638316333293915,-0.20745250582695007,0.1917475461959839,-1.130544450604939,4.154290228178724,-8.949629266038537
1350051494780025,1056417664,0.2511174650862813,0.12670450378209352,0.04971948801539838,0.19638031721115112,-0.20672455430030823,0.19409391283988953,-1.0844620919623411,4.14407707812963,-8.912785207363777
1350051494789982,1056427664,0.2599447965621948,0.09566866210661829,0.03426777257118374,0.19621063768863678,-0.20626582205295563,0.19614779949188232,-1.0724643235187976,4.1101985547295765,-8.912085607727057
1350051494799992,1056437664,0.2626174595206976,0.07908765110187232,0.029206174076534808,0.1957695633172989,-0.20558740198612213,0.1970302313566208,-1.0846772919158683,4.199044511988759,-8.88798869282473
1350051494810002,1056447664,0.28904364444315434,0.0810375320725143,0.01418901956640184,0.1955805867910385,-0.2051481157541275,0.19618582725524902,-1.1135342927929013,4.214344372451305,-8.861243163109757
1350051494820012,1056457664,0.289276079274714,0.0896713463589549,0.010792208195198327,0.1952740103006363,-0.20505362749099731,0.1956794410943985,-1.1350369351520202,4.033916621494573,-8.872284233616664
1350051494830022,1056467664,0.28981908690184355,0.09536301367916167,0.04632178170140833,0.1949889361858368,-0.20428884029388428,0.19457486271858215,-1.0851285839139018,3.967137278886512,-8.875365759953857
1350051494840032,1056477664,0.2806287491694093,0.08969756891019642,0.06833455990999937,0.1947166472673416,-0.2036401331424713,0.19490399956703186,-1.0406657618976896,3.8850877585681154,-8.91541007597465
1350051494850034,1056487664,0.2667056629434228,0.09335983777418733,0.09090182138606906,0.19475194811820984,-0.20299893617630005,0.19621862471103668,-0.9972833920619449,3.8678982484340665,-8.873901715283282
1350051494860037,1056497664,0.24488738272339106,0.0725330610293895,0.09125222568400204,0.19426321983337402,-0.20245829224586487,0.19589075446128845,-1.0161397028970531,3.9084686341555788,-8.849011129252611
1350051494870007,1056507664,0.21986961364746094,0.05991866928525269,0.09967564838007092,0.19368389248847961,-0.20249317586421967,0.19898147881031036,-1.074808119299123,3.922067444587592,-8.827845043637788
1350051494880017,1056517664,0.226924242451787,0.053067831322550774,0.08744847145862877,0.1934674084186554,-0.20247231423854828,0.19880875945091248,-1.1398627798393135,3.9397195489984003,-8.848077720860019
1350051494889990,1056527664,0.21512499079108238,0.07983152172528207,0.08675518911331892,0.19375690817832947,-0.2020251303911209,0.19887050986289978,-1.1552892486564814,3.9131475492194294,-8.88887278218288
13500514949e5,1056537664,0.21636132150888443,0.08940615807659924,0.07779686129651964,0.19383543729782104,-0.20163750648498535,0.19926071166992188,-1.0777325553784611,3.930462183570489,-8.869685851153918
1350051494909995,1056547664,0.20439063664525747,0.09243374806828797,0.06544314092025161,0.19344675540924072,-0.20128940045833588,0.20027399063110352,-0.9574038723981356,3.897067260702606,-8.90099613150116
1350051494920005,1056557664,0.20101512782275677,0.07111887680366635,0.06908749346621335,0.19270752370357513,-0.2008519470691681,0.20060893893241882,-0.8298847139414283,3.9278085455228573,-8.9729060236644
1350051494930015,1056567664,0.1992623321712017,0.02081672864733264,0.08062899578362703,0.19223295152187347,-0.20059794187545776,0.2012680023908615,-0.7837191294282092,3.919197807435412,-9.064722539433278
1350051494940021,1056577664,0.20992555655539036,0.002240927642560564,0.07085581892170012,0.19248583912849426,-0.20014847815036774,0.20226594805717468,-0.7790475208879797,3.877867999915033,-9.11403335403651
1350051494950031,1056587664,0.2093664836138487,-0.04667999455705285,0.07408925448544323,0.19259190559387207,-0.1994713693857193,0.20150020718574524,-0.8182991932603181,3.8277132818335664,-9.09706577955745
1350051494960018,1056597664,0.2250485122203827,-0.053934933384880424,0.06008071359246969,0.19237156212329865,-0.19954034686088562,0.20042213797569275,-0.9008932208351325,3.83993800916709,-9.034437912339344
1350051494969988,1056607664,0.24784875568002462,-0.045496461098082364,0.07602152181789279,0.19253221154212952,-0.19902679324150085,0.19955234229564667,-1.0381917045009321,3.7943437034694942,-8.995036570397206
1350051494979998,1056617664,0.26740485336631536,-0.021379227109719068,0.10123145766556263,0.19279523193836212,-0.19886797666549683,0.20094051957130432,-1.103522871294408,3.6982320934557356,-8.962532586753367
1350051494990008,1056627664,0.29449642170220613,0.0015875573808443733,0.11289027752354741,0.19266198575496674,-0.19859936833381653,0.20131120085716248,-1.125937002475257,3.6338084197288842,-8.919241434298455
1350051495000018,1056637664,0.2786895027384162,0.01766104978742078,0.12366820592433214,0.19220788776874542,-0.1978052854537964,0.2007172852754593,-1.0630058003624434,3.497485356966499,-8.919952907036057
1350051495010027,1056647664,0.266746967099607,0.023305062495637685,0.11369868880137801,0.19243790209293365,-0.19720694422721863,0.19893856346607208,-1.0115411595930344,3.5225241284293585,-8.927833906076849
1350051495020012,1056657664,0.25214822962880135,0.019228615565225482,0.1057484420016408,0.19214972853660583,-0.1971369832754135,0.20102663338184357,-1.0132495161471888,3.5102850163774564,-8.957020727996714
1350051495030018,1056667664,0.26603364385664463,0.030495156534016132,0.08611458470113575,0.19196473062038422,-0.19656483829021454,0.20126314461231232,-0.9749111592274857,3.4881142837647348,-8.996102409530431
1350051495040028,1056677664,0.266524963080883,0.030065688770264387,0.09321721154265106,0.19174927473068237,-0.1963280588388443,0.20205369591712952,-0.8997013441694435,3.5282161386590447,-8.983756211241706
1350051495050009,1056687664,0.2581838984042406,0.025428758817724884,0.10696683311834931,0.19149209558963776,-0.1960941106081009,0.20301319658756256,-0.8890381579310632,3.50782477287692,-9.029869508445262
1350051495060002,1056697664,0.24782083928585052,0.024673377629369497,0.136555393692106,0.19122740626335144,-0.19595374166965485,0.20251351594924927,-0.9220586785455815,3.4730749465350526,-9.028699551350437
1350051495069975,1056707664,0.22870635148137808,0.0057882054534275085,0.1519730663858354,0.1914231926202774,-0.19522173702716827,0.20252305269241333,-0.9306956744522904,3.489752086700173,-9.045047897952609
1350051495079985,1056717664,0.22612037137150764,0.004831031765206717,0.1737673650495708,0.19124829769134521,-0.19498325884342194,0.2029741406440735,-0.937406545151607,3.470456242803484,-9.069912911150604
1350051495089995,1056727664,0.20903649274259806,0.008287738455692306,0.1750827068462968,0.19064249098300934,-0.19487302005290985,0.2027183324098587,-0.9953899749642005,3.459895576224662,-9.051295888964086
1350051495100005,1056737664,0.20843662787228823,-0.006258919165702537,0.1606498844921589,0.19043505191802979,-0.19488607347011566,0.20373371243476868,-1.0508568782114889,3.4477247345028443,-9.027281172452494
1350051495110015,1056747664,0.16233876813203096,-0.017471994215156883,0.16046104719862342,0.19064779579639435,-0.1949106603860855,0.2033524215221405,-1.1069338761811376,3.4581531986698972,-8.990033428347669
1350051495120025,1056757664,0.12157249730080366,-0.010109223512699828,0.1451167045161128,0.19047126173973083,-0.19480282068252563,0.20306362211704254,-1.160847914830083,3.4828535867575554,-8.982368885069153
1350051495130030,1056767664,0.10540791554376483,-0.0011030745554307941,0.1289001782424748,0.19050541520118713,-0.19446374475955963,0.20306360721588135,-1.1664831853372744,3.503950260397978,-8.984128843946381
1350051495139985,1056777664,0.08315384620800614,-0.0010691378520277794,0.0986221362836659,0.19059062004089355,-0.19471415877342224,0.20201298594474792,-1.1309832986799302,3.4828837261674925,-9.002071839328854
1350051495149995,1056787664,0.06993701681494713,-0.005140824941918254,0.0934978830628097,0.19024156033992767,-0.1947523057460785,0.2010636329650879,-1.0525357803422957,3.4738113071187398,-9.010659744529985
1350051495160005,1056797664,0.05404282710514963,-0.006146316445665434,0.09479584405198693,0.18999220430850983,-0.1947253942489624,0.20238097012043,-1.0395132719608955,3.484495042954804,-9.04337470404338
1350051495170009,1056807664,0.023156922543421388,-0.007985467527760193,0.09074201225303113,0.1902955174446106,-0.19456520676612854,0.20338687300682068,-1.0531889150553615,3.5666829305642747,-9.06420377625618
1350051495180018,1056817664,0.03941369941458106,-0.004744828765979037,0.10409650858491659,0.1904277801513672,-0.19485042989253998,0.20280131697654724,-1.0717676921573,3.7068958038394335,-9.068043354419059
1350051495190028,1056827664,0.06419438868761063,0.020364329975564033,0.10651962365955114,0.18982823193073273,-0.19486281275749207,0.20299886167049408,-1.110412009753636,3.712909757766174,-9.098405613326467
1350051495200025,1056837664,0.0817656284198165,0.028331248904578388,0.07858980679884553,0.1899595558643341,-0.19502000510692596,0.20276965200901031,-1.0928108226793118,3.685302743250504,-9.068569424119778
1350051495210027,1056847664,0.08774836314842105,0.02732005959842354,0.06794891087338328,0.18971006572246552,-0.19520814716815948,0.20325163006782532,-1.0516199532721657,3.6087379105540456,-9.050932389413937
1350051495220037,1056857664,0.08618480642326176,0.026593267102725804,0.0595160701777786,0.18927499651908875,-0.19512560963630676,0.202740877866745,-1.0036952090327393,3.5519006916345095,-9.048447258067316
1350051495230017,1056867664,0.07227120222523808,0.006761079566786066,0.02760047500487417,0.1895153969526291,-0.19500885903835297,0.20446373522281647,-0.975220773165929,3.4740595005929933,-9.041421122290194
1350051495239972,1056877664,0.03440844884607941,-0.004643465217668563,0.016269869229290634,0.18947020173072815,-0.1948862075805664,0.20460551977157593,-0.915462314771139,3.4233355586556717,-9.068654362456872
1350051495249982,1056887664,0.009226964903064072,-0.018467538757249713,0.013126287376508117,0.18955329060554504,-0.19500400125980377,0.20374146103858948,-0.9130997389418188,3.4335119477577973,-9.084317722469567
1350051495259983,1056897664,-0.01892789005069062,-0.032127462327480316,0.02474229841027409,0.18991392850875854,-0.1950833946466446,0.20591121912002563,-0.9330432947410736,3.444393188060494,-9.086695082592778
1350051495269993,1056907664,-0.021784970886074007,-0.03502477775327861,0.021495802502613515,0.18969134986400604,-0.19493955373764038,0.20532599091529846,-0.9791406089242082,3.4909099423652514,-9.127872823090293
1350051495280003,1056917664,-0.005000428791390732,-0.020361633505672216,0.024486452457495034,0.18957675993442535,-0.19493357837200165,0.2011498361825943,-0.9826552751148119,3.5265783357236065,-9.162549584195949
1350051495289992,1056927664,0.013479206245392561,-0.011873796029249206,0.0461488903965801,0.18954147398471832,-0.19510191679000854,0.20163941383361816,-0.9826591567054856,3.5436287935799915,-9.172173189120366
1350051495300002,1056937664,0.03440535219851881,0.0018769111193250865,0.054229056695476174,0.18891511857509613,-0.195273756980896,0.20364835858345032,-0.9690353442629566,3.541409437030088,-9.124835135894827
1350051495310005,1056947664,0.04098082426935434,-0.006839210982434452,0.041724511538632214,0.1888766586780548,-0.1954883486032486,0.20349325239658356,-0.9482897833318565,3.4781787816132415,-9.097246616017072
1350051495320015,1056957664,0.02903672866523266,-0.0018445671230438165,0.02873445046134293,0.18935006856918335,-0.1957007497549057,0.20279645919799805,-0.9084767644494423,3.4395261300134004,-9.059283745912834
1350051495330025,1056967664,0.022763641027268022,-0.015858579718042165,0.02441199030727148,0.18964137136936188,-0.19482171535491943,0.20474302768707275,-0.9291309367530629,3.3918051692843436,-9.055260591343975
1350051495340015,1056977664,0.0015719975635875016,-0.02865527058020234,0.027114443946629763,0.18946927785873413,-0.19483821094036102,0.2046518474817276,-0.981118621865753,3.370196582332719,-9.065796598405576
1350051495350003,1056987664,-0.006046409907867201,-0.036466337041929364,0.009434491948923096,0.18934105336666107,-0.19523678719997406,0.20323677361011505,-0.9933754294045501,3.3721111198503055,-9.060171488532795
1350051495360013,1056997664,-0.017513264901936054,-0.041148505988530815,-0.0015090541637619026,0.1891753375530243,-0.19533289968967438,0.2037748396396637,-0.9821890275762416,3.3385020245087795,-9.062622827207669
1350051495370023,1057007664,-0.018007181643042713,-0.03374531806912273,-0.012448127381503582,0.1898655891418457,-0.19556593894958496,0.20329347252845764,-0.9704387676203623,3.329173877133289,-9.052571790651418
1350051495380033,1057017664,-0.02176466368837282,-0.01790598180377856,0.010622510308166966,0.19017820060253143,-0.19582650065422058,0.20403528213500977,-0.9471720564644783,3.353607577108778,-9.06767254834529
1350051495390025,1057027664,-0.014675690908916295,-0.016354085528291762,0.02265127986902371,0.19000425934791565,-0.19593089818954468,0.2033369094133377,-0.9049299609713488,3.3966025870281737,-9.09323259460274
1350051495400035,1057037664,0.005376461558626033,-0.0030583069019485265,0.05588543135672808,0.19017942249774933,-0.19578227400779724,0.20438152551651,-0.927272910629108,3.358737213348504,-9.114747566720471
1350051495410018,1057047664,-0.018482051382306963,-0.005854117262060754,0.07033392903394997,0.19029301404953003,-0.19578546285629272,0.20212623476982117,-0.9262046740428195,3.354446000694297,-9.123438676567748
1350051495420003,1057057664,-0.03406424657441676,-0.013610924361273646,0.07200818508863449,0.1901242583990097,-0.19584164023399353,0.20237098634243011,-0.9306986427275115,3.3830149647104553,-9.153790889005176
1350051495430013,1057067664,-0.019413523841649294,-0.018755689961835742,0.07162496913224459,0.19004103541374207,-0.19601906836032867,0.20209166407585144,-0.9545377172611188,3.4289015313528943,-9.173017092598602
1350051495440011,1057077664,-0.024196962476707995,-0.026677598361857235,0.04328213108237833,0.18976441025733948,-0.19662533700466156,0.20333100855350494,-0.9907858376030344,3.4392793065123257,-9.196231744773685
1350051495450010,1057087664,-0.03401785506866872,-0.03431531949900091,0.030075054382905364,0.18971779942512512,-0.19680508971214294,0.20211517810821533,-1.0279073158465326,3.461463510527974,-9.23155604653526
1350051495460019,1057097664,-0.022027701197657734,-0.036932528018951416,0.015364462160505354,0.18954211473464966,-0.1967822164297104,0.2016453891992569,-1.0141571233782452,3.5173773675248956,-9.217338464884087
1350051495469984,1057107664,-0.01066571639967151,-0.0306034431559965,-0.0014758853467355948,0.18975821137428284,-0.19676059484481812,0.20190860331058502,-0.9594834346015704,3.530038887973642,-9.2102209975617
1350051495479994,1057117664,0.0020464442059164867,-0.03199503698851913,0.00045565038817585446,0.18959598243236542,-0.19681018590927124,0.2031339854001999,-0.9230582452262751,3.4882971751841247,-9.211933464035392
1350051495489990,1057127664,-0.0018461620129528455,-0.025331496726721525,0.0026042545869131573,0.1896405667066574,-0.196804478764534,0.20339128375053406,-0.9010993447163491,3.4306891180225647,-9.165625630640424
13500514955e5,1057137664,0.003107449083472602,-0.023137606331147254,0.018667918629944324,0.1898166835308075,-0.19704192876815796,0.20311051607131958,-0.9008620539453113,3.4058679439662956,-9.107251986800692
1350051495509996,1057147664,-0.006268723518587649,-0.01670630445005372,0.0395725917769596,0.18993723392486572,-0.19695207476615906,0.20222988724708557,-0.9544422757963184,3.3246319593873337,-9.10824567401316
1350051495520006,1057157664,-0.005388134377426468,-0.007911946886451915,0.04750144144054502,0.18968215584754944,-0.1968878209590912,0.20287084579467773,-1.0047172090242384,3.323387338754255,-9.102615997563115
1350051495530016,1057167664,-0.0018181339328293689,-0.003471502714091912,0.029745930805802345,0.1898249089717865,-0.19703362882137299,0.20434696972370148,-0.9817679891525767,3.3233839138213077,-9.15121716605965
1350051495540012,1057177664,-0.012619170593097806,-0.015577298472635448,0.042312059667892754,0.19016340374946594,-0.1971353143453598,0.20319218933582306,-0.9098232197554897,3.2737991045822854,-9.192001267597078
1350051495550022,1057187664,-0.021314137848094106,-0.03649042046163231,0.047444598749279976,0.1898975521326065,-0.1972108632326126,0.20172855257987976,-0.8961011688195867,3.2953154466731935,-9.250372171490453
1350051495560012,1057197664,-0.049796252278611064,-0.03711592580657452,0.04729633801616728,0.18990637362003326,-0.19733098149299622,0.20256583392620087,-0.9609687138564186,3.3713631144945975,-9.272645195433869
1350051495570022,1057207664,-0.030941763543523848,-0.04599306848831475,0.058290857123211026,0.18981841206550598,-0.19747021794319153,0.20173737406730652,-1.0124584708007751,3.397978953415295,-9.263075476121157
1350051495580019,1057217664,-0.03738867526408285,-0.04227069148328155,0.03565432270988822,0.18974441289901733,-0.19798238575458527,0.20154479146003723,-1.048214656607015,3.483570311059011,-9.255263889054767
1350051495590002,1057227664,-0.015249944408424199,-0.021189595281612128,0.028687098529189825,0.19017791748046875,-0.19828180968761444,0.20096415281295776,-1.0755549830105156,3.5372782829089555,-9.263013370670377
1350051495600012,1057237664,0.004816360888071358,-0.0028004738851450384,0.02214744163211435,0.1899861842393875,-0.19806008040905,0.19889990985393524,-1.0982112569507443,3.5493372434878254,-9.258940897067077
1350051495610022,1057247664,0.03293045738246292,0.01696247491054237,0.023522555420640856,0.18999351561069489,-0.19822470843791962,0.1993483453989029,-1.0432784149143843,3.502618874796899,-9.258247690638527
1350051495620032,1057257664,0.042797761852853,0.023500215320382267,0.016566531849093735,0.19017784297466278,-0.19832488894462585,0.2007884681224823,-0.9933141231047921,3.406587864871835,-9.269580108774825
1350051495630042,1057267664,0.040258103399537504,0.026969914324581623,0.009379924449604005,0.19001124799251556,-0.19799183309078217,0.202827587723732,-0.9566567232756642,3.375051538950065,-9.249986752369441
1350051495640009,1057277664,0.052657630294561386,0.024074656539596617,0.019396062998566777,0.18983617424964905,-0.1980973780155182,0.20195868611335754,-0.9114184964401647,3.3455962022871244,-9.27297764225863
1350051495650019,1057287664,0.03198376507498324,0.020113305072300136,0.02055391960311681,0.18983203172683716,-0.19818755984306335,0.20101039111614227,-0.8730997187204775,3.2365922313439657,-9.274107413473539
1350051495660007,1057297664,0.01315926929237321,0.01548895234009251,0.03395753738004714,0.1894417107105255,-0.19788384437561035,0.20163515210151672,-0.8008305510910577,3.298919617778156,-9.229256318225525
1350051495669974,1057307664,0.0062187180446926504,758248290821939e-19,0.03312072658445686,0.18934723734855652,-0.19755655527114868,0.20163071155548096,-0.8023640077360323,3.283311741679208,-9.242050954401492
1350051495679984,1057317664,0.01014481604215689,-0.018046209879685193,0.04238225519657135,0.18940362334251404,-0.19805502891540527,0.20169837772846222,-0.8356824404347571,3.2982120266312265,-9.230444541629403
1350051495689994,1057327664,0.020870704611297697,-0.02935510710813105,0.03060271847061813,0.1896607130765915,-0.19781626760959625,0.20250040292739868,-0.8683262184250634,3.3027427562628873,-9.17355412208475
1350051495700004,1057337664,0.0047732031816849485,-0.04156972572673112,0.03385103773325682,0.18987974524497986,-0.1981787234544754,0.2017366886138916,-0.8924791309810826,3.2721599316736683,-9.140656499480828
1350051495710014,1057347664,-0.0060416154155973345,-0.04157465300522745,0.016925223462749273,0.19005820155143738,-0.1983707845211029,0.20197270810604095,-0.9194471671732025,3.2694852873706255,-9.103371309442444
1350051495719966,1057357664,-0.018504522449802607,-0.04760621814057231,0.001104894545278512,0.19013439118862152,-0.19802840054035187,0.20184627175331116,-0.9257342024202807,3.242558692867169,-9.082066399878821
1350051495729976,1057367664,-0.003935458516934887,-0.030087560298852623,0.003221606311853975,0.19035391509532928,-0.19843335449695587,0.20099212229251862,-0.9131446626456454,3.2261272345588075,-9.066295268642715
1350051495739986,1057377664,-0.016325215983670205,-0.021110546367708594,0.00979773176368326,0.19014543294906616,-0.19861933588981628,0.20121999084949493,-0.8931810709886485,3.1645791345345784,-9.056901819212362
1350051495749995,1057387664,-0.005592189700109884,-0.025898776948451996,0.036785294651053846,0.18996655941009521,-0.19839252531528473,0.19979560375213623,-0.8714124255039496,3.13085564643261,-9.01100497777108
1350051495760005,1057397664,-0.017427848069928586,-0.027735711773857474,0.04009755211882293,0.19053316116333008,-0.19850338995456696,0.20056168735027313,-0.8493266883105388,3.1059954281407407,-8.995820195055567
1350051495770015,1057407664,-0.041054043686017394,-0.023551685444545,0.05336080794222653,0.19014854729175568,-0.19842471182346344,0.20115885138511658,-0.8475607358006527,3.125205420384882,-8.976938311387784
1350051495780025,1057417664,-0.040951723349280655,-0.020908520673401654,0.06557733868248761,0.18994635343551636,-0.19890537858009338,0.20118016004562378,-0.853368908339471,3.189430676329648,-8.95782718554139
1350051495790021,1057427664,-0.04013325378764421,-0.019569126015994698,0.05930686602368951,0.1898714005947113,-0.1995474249124527,0.20034818351268768,-0.9184828773018671,3.131829925691709,-8.975536372167989
1350051495800031,1057437664,-0.03755361831281334,-0.009184984810417518,0.0681089935824275,0.18970897793769836,-0.19972623884677887,0.2010464072227478,-0.9649194881756556,3.138150525281671,-8.940700694173573
1350051495810041,1057447664,-0.04690695786848664,-0.006862082227598876,0.0741768628358841,0.18988096714019775,-0.19988176226615906,0.20047755539417267,-0.9069060331175569,3.1757957899372555,-8.899344857162795
1350051495820051,1057457664,-0.058055343106389046,0.004633430944522843,0.07055926253087819,0.18963278830051422,-0.20006854832172394,0.2011728286743164,-0.8735766977156163,3.1567823888442943,-8.88980162399821
1350051495830061,1057467664,-0.08542769937776029,0.003422787631279789,0.07325269980356097,0.18946532905101776,-0.20020945370197296,0.20127937197685242,-0.8544333774995174,3.161330471469555,-8.943302729898132
1350051495839993,1057477664,-0.11513730278238654,-0.011248962982790545,0.08169854991137981,0.18917404115200043,-0.20052944123744965,0.20144617557525635,-0.830362263758725,3.2527348536404315,-9.03096366035752
1350051495849999,1057487664,-0.12145488290116191,0.00033934684324776754,0.11056556832045317,0.1889306902885437,-0.20101235806941986,0.20172178745269775,-0.8614491813955828,3.3503312862513117,-9.114426079681143
135005149586e4,1057497664,-0.12430560309439898,-0.012035043619107455,0.12123486958444118,0.189229354262352,-0.20141586661338806,0.19989028573036194,-0.8963092334961402,3.4562461960047948,-9.171174935330637
1350051495870009,1057507664,-0.107813929207623,0.00839522253954783,0.13621191028505564,0.18929462134838104,-0.2019912749528885,0.20097076892852783,-0.9343876950873528,3.5274265774502416,-9.244905065190977
1350051495880018,1057517664,-0.08967574103735387,0.013701416901312768,0.14843373792245984,0.18909785151481628,-0.20259542763233185,0.2013176828622818,-0.8695883062161738,3.573382327738218,-9.264165974771604
1350051495890028,1057527664,-0.0731244683265686,0.004101253580302,0.14415787300094962,0.18883933126926422,-0.20300762355327606,0.199642613530159,-0.8831816938376869,3.5785201838170178,-9.264540434107184
1350051495900016,1057537664,-0.06362621206790209,-0.008771718421485275,0.12473687529563904,0.18876630067825317,-0.2034757435321808,0.19975361227989197,-0.906900039484899,3.5822378343669694,-9.262860846989788
1350051495910022,1057547664,-0.07198459934443235,-0.009227514237863943,0.11118531692773104,0.18843713402748108,-0.2037087231874466,0.20099496841430664,-0.8939543637659516,3.5842099107580725,-9.269986534151249
1350051495920032,1057557664,-0.08266709628514946,-0.034041894832625985,0.09475775295868516,0.18843653798103333,-0.20388132333755493,0.20024970173835754,-0.9040066561309503,3.588909147090744,-9.282145502772181
1350051495930020,1057567664,-0.08093876531347632,-0.02686598163563758,0.08060295949690044,0.18849815428256989,-0.20471836626529694,0.1998072862625122,-0.890834078604239,3.578415837526554,-9.289765293593518
1350051495939997,1057577664,-0.06324679125100374,-0.04135145281907171,0.06658111233264208,0.18869410455226898,-0.2052367627620697,0.20136626064777374,-0.8327259812323609,3.509133553920546,-9.297658165735193
1350051495950007,1057587664,-0.07301137084141374,-0.06085392087697983,0.0583414570428431,0.18874549865722656,-0.20565412938594818,0.20101791620254517,-0.7802631437554373,3.4855980996927243,-9.282833229308016
1350051495959985,1057597664,-0.08106562308967113,-0.08169275824911892,0.05673120613209903,0.1886083334684372,-0.20584669709205627,0.19907459616661072,-0.8284955611379701,3.3744948731816837,-9.3502359097125
1350051495969995,1057607664,-0.10717498371377587,-0.08530214545316994,0.07019797922112048,0.18874220550060272,-0.2057434469461441,0.20019768178462982,-0.8592924440364004,3.366651776732178,-9.310996224605478
1350051495980005,1057617664,-0.11790137505158782,-0.10978701757267118,0.08434923947788775,0.18879762291908264,-0.20628578960895538,0.1999617964029312,-0.817266404730035,3.5075309136300348,-9.284860789612866
1350051495989997,1057627664,-0.10931079741567373,-0.10905287927016616,0.0873929588124156,0.1889340579509735,-0.2069108933210373,0.19869546592235565,-0.9010442032958963,3.6043183770787435,-9.257633942654357
1350051496000007,1057637664,-0.0775503518525511,-0.09270235896110535,0.09858118137344718,0.18915677070617676,-0.20709751546382904,0.1991460621356964,-1.0488080833223647,3.6604454932338557,-9.241036260933615
1350051496010016,1057647664,-0.03965297946706414,-0.04387945227790624,0.1260934048332274,0.1895512342453003,-0.20723289251327515,0.1984996497631073,-1.1288598402525531,3.6584110830631107,-9.193413253286852
1350051496020026,1057657664,-0.006933198892511427,-0.01347320358036086,0.12093434343114495,0.189740389585495,-0.2080160528421402,0.1980668306350708,-1.1205395364790456,3.6791371789586265,-9.134854206410235
1350051496030018,1057667664,0.01866912643890828,0.004564073969959281,0.0933248724322766,0.18928159773349762,-0.20844808220863342,0.1984289288520813,-1.0914561475341906,3.6215375699650028,-9.102993196845054
1350051496040007,1057677664,0.03182642685715109,0.01453868899261579,0.09106039069592953,0.18863283097743988,-0.20847073197364807,0.19768722355365753,-1.0473142417351482,3.484050714987097,-9.100814939490519
1350051496050017,1057687664,0.03452617966104299,0.011738145258277655,0.06636203615926206,0.1885118931531906,-0.20868994295597076,0.19801384210586548,-0.9644374859455274,3.427137462556129,-9.077360998666844
1350051496060027,1057697664,0.006370252958731726,0.0010030913472292013,0.05098238470964134,0.18856114149093628,-0.20889446139335632,0.1981601119041443,-0.8991722491112887,3.2938918162113984,-9.089995804638601
1350051496070018,1057707664,-0.028906011721119285,-0.03861738077830523,0.030180375324562192,0.18869644403457642,-0.2089187502861023,0.19901183247566223,-0.8518295151440543,3.257998747251695,-9.067443306166679
1350051496080020,1057717664,-0.05770267453044653,-0.06239545764401555,0.04184007411822677,0.1889074146747589,-0.2088591754436493,0.19868338108062744,-0.8805301107498235,3.304962112812791,-9.026419002665206
1350051496090030,1057727664,-0.08076374651864171,-0.07959103677421808,0.04775476409122348,0.18882806599140167,-0.2092476487159729,0.19816532731056213,-0.9919063614989864,3.3133458920102563,-9.039384428830816
1350051496100010,1057737664,-0.09583871578797698,-0.06120390607975423,0.04993960028514266,0.18888984620571136,-0.20999841392040253,0.19807425141334534,-1.0645100309129338,3.3705020863516255,-9.065885190004483
1350051496110020,1057747664,-0.08966086315922439,-0.05306219100020826,0.08044568821787834,0.18923436105251312,-0.21013683080673218,0.19768190383911133,-1.0910286017379258,3.510366301452741,-9.05331431611441
1350051496119997,1057757664,-0.07612521294504404,-0.015347785665653646,0.09156715823337436,0.1893225908279419,-0.2102983146905899,0.1974085569381714,-1.1217652058164822,3.575567663287511,-9.06773191384971
1350051496130007,1057767664,-0.03485035849735141,0.017710270185489208,0.08823396055959165,0.18898388743400574,-0.21066990494728088,0.1967162787914276,-1.1138706212083342,3.591121653774753,-9.077117143440992
1350051496140017,1057777664,-0.00409141939599067,0.03195516183041036,0.08904224960133433,0.18857654929161072,-0.2112901657819748,0.19760984182357788,-1.069447185921017,3.5600627635058477,-9.096088532023131
1350051496150009,1057787664,-0.0009772392331797164,0.05423209513537586,0.07130668964236975,0.18827471137046814,-0.21123389899730682,0.1976523995399475,-1.0232483795582084,3.5181192080012984,-9.095302167418412
1350051496160019,1057797664,-0.008121486462187022,0.03824931336566806,0.05477397353388369,0.18869787454605103,-0.21107056736946106,0.19734162092208862,-0.9639524012757464,3.50661622820422,-9.08503650173079
1350051496170029,1057807664,-0.01614320935914293,0.018900986469816417,0.055812502978369594,0.18883450329303741,-0.2114374041557312,0.19708667695522308,-0.9206125006085494,3.4987381974386516,-9.069157599271275
1350051496180028,1057817664,-0.03609159030020237,-0.0053330801165429875,0.04292330995667726,0.1881430447101593,-0.21167884767055511,0.19555070996284485,-0.9085954954582848,3.4613829104392786,-9.071572405328043
1350051496189993,1057827664,-0.054365978576242924,-0.027256691828370094,0.028472047415561974,0.18797311186790466,-0.2116502821445465,0.195933535695076,-0.9490593086829175,3.4651466834195888,-9.043611252745613
1350051496200003,1057837664,-0.07112879538908601,-0.01809679961297661,0.031039773602969944,0.18824982643127441,-0.21190759539604187,0.19773916900157928,-0.9591566959983902,3.4540460190793962,-9.036431679972447
1350051496210013,1057847664,-0.07681961287744343,-0.024536257842555642,0.038322428008541465,0.18812775611877441,-0.2122139185667038,0.19757086038589478,-0.9682642776920692,3.524429761121282,-9.083224483872764
1350051496220023,1057857664,-0.07949735154397786,-0.015623054059688002,0.06341731641441584,0.18814001977443695,-0.21276044845581055,0.19729092717170715,-1.0086293957656016,3.564115600826917,-9.115788746336474
1350051496230013,1057867664,-0.05803205422125757,-0.009984325879486278,0.06356349331326783,0.18848255276679993,-0.21290086209774017,0.19660021364688873,-1.0267698956147069,3.6531649991031734,-9.173679246301763
1350051496240023,1057877664,-0.027052717632614076,0.0122923418530263,0.0685803301166743,0.18836632370948792,-0.21311531960964203,0.19763563573360443,-1.023981086880085,3.6993043257971294,-9.205562175437807
1350051496249998,1057887664,-0.010864830983337015,0.02873474732041359,0.061458791606128216,0.1883329153060913,-0.21336773037910461,0.198072150349617,-1.0130631997948512,3.6929821279051245,-9.206352193304337
1350051496260001,1057897664,0.005933351349085569,0.034356131800450385,0.04532028979156166,0.1880374252796173,-0.2133910357952118,0.1987437605857849,-0.9750432474748231,3.697815849938197,-9.227321916096843
1350051496270011,1057907664,0.015989577514119446,0.03767709422390908,0.03601507632993162,0.18794859945774078,-0.213442862033844,0.19847984611988068,-0.9330249713498051,3.746723207440227,-9.238446098309941
1350051496280011,1057917664,0.029214302776381373,0.026231908123008907,0.04337402351666242,0.18777407705783844,-0.2138056755065918,0.19672791659832,-0.8822491416783305,3.69809075788944,-9.223078652503899
1350051496290021,1057927664,0.04193419590592384,0.010457911412231624,0.041386656812392175,0.18777796626091003,-0.21412330865859985,0.19609275460243225,-0.899224821832031,3.6546258471696635,-9.181488093421795
1350051496300005,1057937664,0.031048321397975087,-0.001694234561000485,0.022208227892406285,0.18761102855205536,-0.21422059834003448,0.19646015763282776,-0.9364585237117716,3.619154729949077,-9.116794306649826
1350051496309995,1057947664,0.011036320211132988,-0.002265781586174853,0.01303532044403255,0.18728311359882355,-0.2142801284790039,0.19858181476593018,-0.9897392922587459,3.5996054410142824,-9.046277220551856
1350051496320005,1057957664,0.004566670031636022,-0.014168923371471465,-0.004174392233835533,0.1875784546136856,-0.21447233855724335,0.19703078269958496,-0.9877375331154326,3.5069902308820744,-9.011370303952134
1350051496330015,1057967664,-0.0066477732616476715,-0.0193707543076016,-0.0030242868888308294,0.18780086934566498,-0.2146165668964386,0.19757212698459625,-0.9847108057053992,3.4611730762140356,-9.005670302212238
1350051496340025,1057977664,-0.020079339446965605,-0.013859027239959687,-0.005716669329558499,0.1876727044582367,-0.21419771015644073,0.19928279519081116,-0.935497830020031,3.3886003453610463,-9.001709253094159
1350051496350011,1057987664,-0.04138688382226974,-0.03440114378463477,-0.008460802200715989,0.18776831030845642,-0.21439498662948608,0.19994255900382996,-0.8768603521789191,3.347763728185091,-8.979774155868217
1350051496360021,1057997664,-0.07245893939398229,-0.04655843076761812,-0.00895808479981497,0.1874210387468338,-0.2147751748561859,0.19801262021064758,-0.885803765419987,3.329916630925145,-8.981239113854244
1350051496370011,1058007664,-0.0740369432605803,-0.04200761904940009,0.003264715996920131,0.1874254196882248,-0.214856818318367,0.19834360480308533,-0.9367034634997253,3.397643766644178,-8.965318198883905
1350051496380021,1058017664,-0.07833551499061286,-0.01886606914922595,0.02617191639728844,0.18734018504619598,-0.21486420929431915,0.19842594861984253,-1.0080916812928626,3.442183649651706,-8.955811498337425
1350051496390031,1058027664,-0.09100109455175698,0.008007595170056447,0.04876228922512382,0.18768754601478577,-0.21517233550548553,0.19775673747062683,-1.0037665618024765,3.4926281170605216,-8.93788859589491
1350051496400011,1058037664,-0.0740150106139481,0.022596350754611194,0.053675228264182806,0.18773919343948364,-0.21563281118869781,0.1972750574350357,-0.9799608803651062,3.5769963169842955,-8.944838013174012
1350051496410021,1058047664,-0.06675635231658816,0.029202972655184567,0.04734737740363926,0.187407985329628,-0.21591079235076904,0.1980854868888855,-0.9390526820905506,3.622656381394481,-8.98155968757812
1350051496420031,1058057664,-0.058783055283129215,0.02274439757457003,0.034554413286969066,0.1870659589767456,-0.21607056260108948,0.19775964319705963,-0.9180159447767072,3.617309376077028,-9.03285970323719
1350051496430015,1058067664,-0.05947145982645452,0.015907188935671,0.020780149498023093,0.187211275100708,-0.21655817329883575,0.19829952716827393,-0.91167656513775,3.6282193858164824,-9.02762275243178
1350051496440025,1058077664,-0.06225735996849835,-0.0036272253055358306,0.0006200828011060366,0.1871086061000824,-0.21619589626789093,0.19723378121852875,-0.8907679773983546,3.5806781199027315,-9.013886488024145
1350051496450009,1058087664,-0.07941433577798307,-0.009601876809028909,-0.004026000533485785,0.18733835220336914,-0.21650484204292297,0.1982237994670868,-0.9025027680737548,3.5324130514927674,-9.036389667461625
1350051496460012,1058097664,-0.0928210443817079,-0.01813478593248874,-0.0153115761349909,0.18748047947883606,-0.21716775000095367,0.1976340115070343,-0.9018672146831522,3.623796655737096,-9.02690214653965
1350051496470022,1058107664,-0.08339384803548455,-0.008953774522524327,0.0017756936358637176,0.18714220821857452,-0.2175818830728531,0.1968933492898941,-0.9383933824981795,3.487480899498332,-9.040606444906443
1350051496480003,1058117664,-0.12653707526624203,-0.000549577134734136,0.004059538696310483,0.18688291311264038,-0.2175646722316742,0.19676165282726288,-0.864966987108055,3.575957877314649,-8.999413178046234
1350051496490013,1058127664,-0.11532584903761744,0.010974443284794688,0.008816327317617834,0.18701477348804474,-0.21767862141132355,0.19675064086914062,-0.808735867155774,3.685738166392548,-9.01501443260815
1350051496500010,1058137664,-0.11174367973580956,-0.0013373669389693532,0.014721781190019101,0.18715661764144897,-0.21834182739257812,0.19611820578575134,-0.7954863428021781,3.663063740307698,-9.087521633077412
1350051496510011,1058147664,-0.11937672970816493,-0.01639208639971912,0.01933267922140658,0.18728163838386536,-0.21863476932048798,0.19442296028137207,-0.7962885762628866,3.652224055858096,-9.187910527684725
1350051496520021,1058157664,-0.10559302754700184,-0.011474950588308275,0.026377468020655215,0.1871350258588791,-0.21905580163002014,0.19654114544391632,-0.7749144830537261,3.7726357934623955,-9.21186679200735
1350051496530026,1058167664,-0.07971555460244417,-0.02456106012687087,0.046850013313815,0.18713167309761047,-0.21938638389110565,0.1975231170654297,-0.797999615681183,3.7442499491944905,-9.229479167195969
1350051496540034,1058177664,-0.0842748093418777,-0.04086470580659807,0.03850437351502478,0.18704268336296082,-0.2196986824274063,0.19590581953525543,-0.8764955968200229,3.736577642734628,-9.181800447306594
1350051496550009,1058187664,-0.07057973998598754,-0.033908497425727546,0.04397839657031,0.186952605843544,-0.2198157012462616,0.19486653804779053,-0.9073668007634114,3.7978339384717397,-9.102542019011452
1350051496560019,1058197664,-0.07278451230376959,-0.024408457102254033,0.03200319188181311,0.1869657039642334,-0.21993163228034973,0.19634410738945007,-0.9509335461561568,3.8078281211410645,-9.068630616255104
1350051496570018,1058207664,-0.05231407703831792,-0.00642058439552784,0.030989886727184057,0.18687519431114197,-0.22020256519317627,0.19465705752372742,-0.9052359216479817,3.8093216202349867,-9.064608375001699
1350051496580022,1058217664,-0.036379098310135305,0.007063897646730766,0.0316201476380229,0.18632759153842926,-0.22063134610652924,0.19471952319145203,-0.8299910010272288,3.787453195037087,-9.070607030894607
1350051496590028,1058227664,-0.03651089791674167,0.005171347220311873,0.03777047386392951,0.18669700622558594,-0.22074532508850098,0.19799648225307465,-0.7476882639995892,3.7241990217473355,-9.058265399183146
1350051496600013,1058237664,-0.027041995781473815,-0.01510235742898658,0.040167252882383764,0.18699884414672852,-0.2210172861814499,0.19707469642162323,-0.7014504704833961,3.637134942936245,-9.037959656724706
1350051496610023,1058247664,-0.03270053130108863,-0.02211583632742986,0.04976140335202217,0.1869983822107315,-0.22110381722450256,0.19668035209178925,-0.7144414123994647,3.5440578235138673,-9.003087446112184
1350051496620033,1058257664,-0.046131768613122404,-0.046184699749574065,0.06527554942294955,0.18695710599422455,-0.22114920616149902,0.19675907492637634,-0.772484036469832,3.4577492849109692,-8.954126431327312
1350051496630025,1058267664,-0.07716579711996019,-0.060521363047882915,0.06644628010690212,0.18691915273666382,-0.221965953707695,0.1943982094526291,-0.8690241055953083,3.4069088952534363,-8.908634188631549
1350051496640035,1058277664,-0.07991051534190774,-0.051420944510027766,0.061209278646856546,0.1872306615114212,-0.22205595672130585,0.19558793306350708,-0.9562991031937417,3.3614305806183253,-8.86647098076064
1350051496650013,1058287664,-0.09874984389171004,-0.046594496234320104,0.07339543080888689,0.1868126094341278,-0.2225150614976883,0.1956070065498352,-0.9772945700655691,3.36646614536643,-8.86788113981951
1350051496660023,1058297664,-0.1137813669629395,-0.04945432301610708,0.08281476330012083,0.18688108026981354,-0.2232169806957245,0.19667309522628784,-0.9885973054496571,3.4129265024419873,-8.851340083656831
1350051496670033,1058307664,-0.10663197608664632,-0.031050009420141578,0.09115416905842721,0.18706288933753967,-0.22353515028953552,0.1968938708305359,-0.9874999569333158,3.4587890945537945,-8.84710412658751
1350051496680019,1058317664,-0.09844606975093484,-0.010718825069488958,0.10509643470868468,0.18694162368774414,-0.22392693161964417,0.19654440879821777,-0.9559504450196982,3.4845788396475834,-8.852447935300878
1350051496690029,1058327664,-0.07344514597207308,0.017450629093218595,0.10538736823946238,0.18674053251743317,-0.2244497537612915,0.19660325348377228,-0.956524064206169,3.523489046205068,-8.826301540522836
1350051496700011,1058337664,-0.07775145350024104,0.03484324843157083,0.12225790414959192,0.18670706450939178,-0.22470246255397797,0.19704028964042664,-0.90366798734467,3.4658044988743493,-8.811834623753093
1350051496710021,1058347664,-0.07504430832341313,0.04772150132339448,0.13464177027344704,0.18654698133468628,-0.22518017888069153,0.19697774946689606,-0.8389486277400283,3.4092282598454036,-8.84318782992661
1350051496720031,1058357664,-0.11527256574481726,0.03483393229544163,0.15908037312328815,0.18586820363998413,-0.225709468126297,0.19634272158145905,-0.7790088762278901,3.3792358936963134,-8.856857422306202
1350051496730041,1058367664,-0.15803702408447862,0.015448317572008818,0.15929584624245763,0.18570908904075623,-0.22627228498458862,0.1960992068052292,-0.7373206494745681,3.4073719461879226,-8.89279273210559
1350051496740051,1058377664,-0.17772914143279195,-0.0007530647962994408,0.16992698656395078,0.1855585277080536,-0.2272568941116333,0.1955055147409439,-0.7543215599676477,3.39758394448203,-8.973413827056065
1350051496750013,1058387664,-0.2061664592474699,-0.013188598677515984,0.16877921298146248,0.1852370947599411,-0.22812750935554504,0.19551873207092285,-0.7870380036186543,3.4890116161969487,-9.015311260130256
1350051496759986,1058397664,-0.19128158455714583,-0.016780653095338494,0.16512839356437325,0.1853538304567337,-0.22886314988136292,0.19722124934196472,-0.7787158732142415,3.57095450693625,-9.082565983431413
1350051496769996,1058407664,-0.1821140293031931,-0.018050812650471926,0.1637000124901533,0.18540838360786438,-0.22957909107208252,0.19619645178318024,-0.7642396520433249,3.6419930961576754,-9.107293999311514
1350051496780006,1058417664,-0.16233501955866814,-0.02583956520538777,0.15612784773111343,0.18469832837581635,-0.230703204870224,0.19501851499080658,-0.7344507839935249,3.686908808473963,-9.130690401261672
1350051496790002,1058427664,-0.1393183134496212,-0.014470309542957693,0.1492547569796443,0.1848786473274231,-0.2314012348651886,0.19502192735671997,-0.7115746864402899,3.6855593848926946,-9.162150465343148
1350051496800011,1058437664,-0.1254127360880375,-0.022826276835985482,0.17276669386774302,0.18441615998744965,-0.23229612410068512,0.19319584965705872,-0.7167269272374688,3.652468596070539,-9.165579964867792
1350051496810021,1058447664,-0.11684454511851072,-0.012378813698887825,0.20053775515407324,0.18394918739795685,-0.23275518417358398,0.19236119091510773,-0.7019455445409403,3.6974687900661953,-9.126375899063422
1350051496820008,1058457664,-0.10031622368842363,-0.0006173589099489618,0.22311520297080278,0.18405702710151672,-0.23324157297611237,0.1937105506658554,-0.724431370984821,3.7087311112415042,-9.120085895541123
1350051496830018,1058467664,-0.07828646339476109,0.017545938317198306,0.23907874710857868,0.1839245855808258,-0.2341650277376175,0.19600804150104523,-0.7301765247574076,3.726953809481347,-9.102906431877054
1350051496840028,1058477664,-0.07379772723652422,0.03030153748113662,0.26312805712223053,0.18315833806991577,-0.23474694788455963,0.1949807107448578,-0.693942789133871,3.7332301132718566,-9.084507692083715
1350051496850038,1058487664,-0.06098808953538537,0.036934271338395774,0.28702665586024523,0.18280284106731415,-0.23600012063980103,0.1948607712984085,-0.6830820984288584,3.698208347253967,-9.0948820423102
1350051496860026,1058497664,-0.07609894964843988,0.031156360637396574,0.3074274165555835,0.18273809552192688,-0.23697692155838013,0.19426992535591125,-0.727363741492154,3.706301007150905,-9.098651295183226
1350051496870003,1058507664,-0.07551286835223436,0.02745137899182737,0.3234714502468705,0.18210376799106598,-0.23737147450447083,0.19437727332115173,-0.8066738862748024,3.7601402680971656,-9.093857302372344
1350051496880013,1058517664,-0.08663731859996915,0.021163963538128883,0.32989922910928726,0.18144772946834564,-0.2383943796157837,0.19521678984165192,-0.9130841554969082,3.8729817622434344,-9.094485663403756
1350051496890023,1058527664,-0.07874365546740592,0.024139189918059856,0.32178733963519335,0.18100756406784058,-0.23948217928409576,0.19592539966106415,-1.0038947684591402,4.0143584277341136,-9.0951249842206
1350051496900013,1058537664,-0.05604128818958998,0.018120926688425243,0.3110472112894058,0.18024758994579315,-0.2401868849992752,0.19535206258296967,-1.0391054766112937,4.096876022221986,-9.100646889447233
1350051496910022,1058547664,-0.03663942916318774,0.049383490113541484,0.2673613140359521,0.18029090762138367,-0.24056994915008545,0.19394150376319885,-1.0624379464797675,4.13999455805635,-9.121212926809676
1350051496920011,1058557664,-0.02414604532532394,0.04777785507030785,0.24232114665210247,0.1795005351305008,-0.24139516055583954,0.19475965201854706,-1.0131681169074727,4.097720382357947,-9.160651714685372
1350051496930021,1058567664,-0.013183940609451383,0.03975228173658252,0.1931763719767332,0.1791057288646698,-0.2426917552947998,0.19501718878746033,-0.9365408362669404,4.0384238332533275,-9.175699500082992
1350051496940022,1058577664,-0.01529777655377984,0.02852124162018299,0.1896712463349104,0.17884305119514465,-0.2427208423614502,0.19424009323120117,-0.8684273681114427,3.981543916836381,-9.2282772440603
1350051496950032,1058587664,-0.006155311712063849,0.01191025585285388,0.18529788358137012,0.17807769775390625,-0.2431296557188034,0.19400157034397125,-0.7958458465972217,3.935199550823308,-9.25796821611002
1350051496960022,1058597664,-0.011436457862146199,-0.01197938181576319,0.1896935049444437,0.17762845754623413,-0.24392525851726532,0.19449013471603394,-0.7475381377720622,3.9529470966989173,-9.25596166206058
1350051496970032,1058607664,-0.02347980916965753,-0.035621822462417185,0.19139196956530213,0.17724712193012238,-0.2441713511943817,0.1944083869457245,-0.7304055386071558,4.019950201592874,-9.221688586384989
1350051496979981,1058617664,-0.017644061881583184,-0.04781903408002108,0.18930422374978662,0.1772174835205078,-0.2446354776620865,0.19460636377334595,-0.7433479606398031,4.066051625695545,-9.200934406039304
1350051496989991,1058627664,-0.006357910024235025,-0.04863137437496334,0.19907595124095678,0.17724046111106873,-0.2455163151025772,0.19462627172470093,-0.7964690131469978,4.159834966291673,-9.1987671084702
1350051497000001,1058637664,0.0315469951601699,-0.025251854094676673,0.19897129386663437,0.17726001143455505,-0.24566882848739624,0.19691035151481628,-0.8288570057283504,4.235471185501664,-9.170647952314466
1350051497009963,1058647664,0.0711218046490103,-0.01427081588190049,0.1966669224202633,0.1772298365831375,-0.24626262485980988,0.196538046002388,-0.8441705088404705,4.2525310048414395,-9.104361343393101
1350051497019973,1058657664,0.09093207772821188,-0.0007232121788547374,0.17317816382274032,0.17676210403442383,-0.24664638936519623,0.19588308036327362,-0.8053752658655866,4.195956592443399,-9.0387542411685
1350051497029983,1058667664,0.11879273224622011,0.015365739818662405,0.15877754194661975,0.17620323598384857,-0.2463977336883545,0.196881502866745,-0.769627414062852,4.132752879832405,-8.998404877786523
1350051497039993,1058677664,0.12311605969443917,0.01981631212402135,0.16267248429358006,0.1758652627468109,-0.24655331671237946,0.1971956491470337,-0.7226645051594823,4.00083907574648,-8.961288651106878
1350051497050003,1058687664,0.11921774130314589,0.016400516324210912,0.15486491611227393,0.17544196546077728,-0.24658718705177307,0.19807711243629456,-0.6587078781222225,3.93768331219675,-8.92806314825546
1350051497060013,1058697664,0.09488558280281723,-0.00645015315967612,0.15763492556288838,0.17504753172397614,-0.24671736359596252,0.19651706516742706,-0.5933299039117992,3.8580189151829107,-8.88639861062169
1350051497069989,1058707664,0.05820888909511268,-0.026217542472295463,0.1846482278779149,0.17468208074569702,-0.24724876880645752,0.19767963886260986,-0.5836546395820914,3.849186698098201,-8.83546300782822
1350051497079999,1058717664,0.026057541253976524,-0.043879158329218626,0.1916704699397087,0.1746520847082138,-0.24775630235671997,0.19765906035900116,-0.6129852516035316,3.8969695359491743,-8.850712635940871
1350051497090009,1058727664,0.01934621686814353,-0.04531266167759895,0.21634127479046583,0.17477978765964508,-0.24800369143486023,0.19652296602725983,-0.6618438608932774,4.011002906761132,-8.860209290017373
1350051497100011,1058737664,0.023700353631284088,-0.030829382012598217,0.21613731514662504,0.17436334490776062,-0.24846112728118896,0.19679811596870422,-0.7300676689718966,4.080187465613708,-8.896332742800004
1350051497110021,1058747664,0.048032880295068026,0.001116092607844621,0.20831716246902943,0.17404334247112274,-0.24885690212249756,0.1988312304019928,-0.7481936128559755,4.155758382768836,-8.929929965040646
1350051497119984,1058757664,0.07257074466906488,0.002106663851009216,0.2045993460342288,0.17393507063388824,-0.2494078278541565,0.19978415966033936,-0.7131506122538122,4.1181736252619885,-8.950321559151634
1350051497129994,1058767664,0.07971935556270182,0.02698973985388875,0.19262294517830014,0.17329974472522736,-0.24988947808742523,0.19941172003746033,-0.6133189542370382,4.108859634276014,-8.937610034681857
1350051497139980,1058777664,0.0921480415854603,0.013576712808571756,0.17819637432694435,0.17253677546977997,-0.2500806450843811,0.20035125315189362,-0.5299890798184788,4.068417112717871,-8.963097015703097
1350051497149990,1058787664,0.071730837225914,-0.007403051131404936,0.16787941567599773,0.17223170399665833,-0.25028538703918457,0.19899727404117584,-0.49064590465422947,4.029948265852872,-8.978819741220214
135005149716e4,1058797664,0.0753300089854747,-0.026650834479369223,0.16192407347261906,0.17230170965194702,-0.25012117624282837,0.1972709745168686,-0.4784829688192985,4.062264106513466,-8.992885712506249
1350051497170010,1058807664,0.08181715966202319,-0.028009735979139805,0.15528652584180236,0.17183905839920044,-0.25037068128585815,0.1978691667318344,-0.5129306304518831,4.061154428238514,-9.013358591692521
1350051497180020,1058817664,0.10272429790347815,-0.039205700159072876,0.1539329648949206,0.17196044325828552,-0.2507573962211609,0.2015763819217682,-0.5938221238585538,3.9984836351941335,-8.988757526660338
1350051497190030,1058827664,0.1187509042210877,-0.05001260433346033,0.1439274288713932,0.17166541516780853,-0.2509090006351471,0.20189200341701508,-0.6051197789254366,3.9720276264776473,-8.954855257058515
1350051497200013,1058837664,0.09923808975145221,-0.058772898046299815,0.16470510745421052,0.17144837975502014,-0.2508452534675598,0.2018522322177887,-0.5996456515134195,4.0050654430035495,-8.910971362874843
1350051497210021,1058847664,0.1074445666745305,-0.05370123544707894,0.16022237250581384,0.17141330242156982,-0.25118571519851685,0.20172418653964996,-0.6099409428710351,4.020209126523696,-8.930237752348184
1350051497220031,1058857664,0.11163188610225916,-0.058203551452606916,0.15833604848012328,0.17125463485717773,-0.25166207551956177,0.20187504589557648,-0.6522828180773649,4.042752035183367,-8.90879767209757
1350051497230016,1058867664,0.13499873457476497,-0.04848417593166232,0.17065961146727204,0.17104120552539825,-0.251637727022171,0.20221422612667084,-0.6804006042599212,4.068339937562123,-8.903033738275989
1350051497240026,1058877664,0.12502901954576373,-0.021725977421738207,0.19243840361014009,0.17095713317394257,-0.25160086154937744,0.20264320075511932,-0.689334256442089,4.078687801640481,-8.912438147491775
1350051497249989,1058887664,0.15838806284591556,-0.013873758143745363,0.20766740199178457,0.17067301273345947,-0.25182756781578064,0.2042715698480606,-0.6608099878008943,4.138225009366869,-8.907129044765606
1350051497259999,1058897664,0.19753940869122744,0.00012916739251522813,0.20173548255115747,0.1702449768781662,-0.25182315707206726,0.20460335910320282,-0.6540253097965615,4.068014797260984,-8.901630885740742
1350051497270009,1058907664,0.19692475907504559,-0.002559167660365347,0.20983056165277958,0.17005783319473267,-0.251467227935791,0.20374752581119537,-0.6259111768758157,3.954059971577953,-8.886132835824974
1350051497280019,1058917664,0.1728704897686839,-0.0033991786040132865,0.21059957798570395,0.16927921772003174,-0.2515450119972229,0.2028246372938156,-0.5348863343577249,3.9522000046586614,-8.857936961171216
1350051497290029,1058927664,0.15418684342876077,-0.029582681600004435,0.2256389008834958,0.16922062635421753,-0.2521282136440277,0.20462748408317566,-0.43036377401178466,3.972717179644387,-8.874984907410107
1350051497300020,1058937664,0.10823686607182026,-0.06350019830279052,0.23227802012115717,0.16910646855831146,-0.2523406744003296,0.20600569248199463,-0.4339900644753652,3.9400930950185282,-8.904448463912122
1350051497310030,1058947664,0.0817490799818188,-0.10135761694982648,0.24072774685919285,0.1687988042831421,-0.2523292303085327,0.2056589275598526,-0.4607843424026214,4.0357610620511695,-8.942298996215685
1350051497319986,1058957664,0.06365476292558014,-0.12705361004918814,0.22327147889882326,0.16840970516204834,-0.2524542212486267,0.20486709475517273,-0.5215215039282338,4.123722473294474,-8.948689464437775
